ea4cf8c3103c9b1c8ed0e44f4ef73c1d4c1dcae98c5b4850c2677d7ccdc68288,www.jewell.idm.oclc.org,true,,830703,781742,714232,741200,742628,720675,711416,753630,740149,752544
bdfddc711b78bc116421d7e13226ef1604e1b91a911e7664f217dae96a5d61cb,www.mmc.idm.oclc.org,true,,758651,707237,796212,784615,723667,760406,755831,782325,713407,734403
1ba5859e463aff1c76a7a972e2764b0e87d065e1151338005871cf33cd5dd7e5,www.scheldekwartier.nl,true,,798553,785563,818055,801947,808826,820570,766565,794518,774798,789752
978c467e7e98667c7720505e99dbb791028719e22ba49ccf590803e1b790fee0,www.fosl4-2.fna.fbcdn.net,false,UNSAT:repeated_certificates_in_chain,1177420,1236565,1194737,1222369,1213824,1286247,1225934,1195880,1159667,1210705
76f2020c735388e6c340d9b918b2bd04bf437b13121cf6225242c435205be658,www.fscl11-2.fna.fbcdn.net,false,UNSAT:repeated_certificates_in_chain,1244458,1180354,1242716,1171877,1197900,1214408,1212708,1221963,1160684,1191069
95af92a41d4ccb8b47c03f93c7e0ef24c9cc33eb97713e84b89a0571bb6280b6,www.fbom19-2.fna.fbcdn.net,false,UNSAT:repeated_certificates_in_chain,1210075,1257749,1147149,1183748,1196465,1183902,1197379,1215477,1207059,1199836
05918c3172294c98c5d0947ca6af3a0c68c521e5ff430c62142778166cc57a31,www.ftgd1-1.fna.fbcdn.net,false,UNSAT:repeated_certificates_in_chain,1216853,1246093,1198198,1145385,1178512,1167344,1187892,1248018,1242244,1154069
6811692b4971d4a12902c291317c24b71fb19d640db20048d2c97144d2dfb5ea,www.fada1-1.fna.fbcdn.net,false,UNSAT:repeated_certificates_in_chain,1179794,1254349,1151956,1180347,1199168,1210770,1224257,1256520,1197308,1201143
f81371ea9ea34c849ff3a71f8713b8558314c4dac9a460167ec8c7031a2a4354,banner.nicholls.edu,true,,788317,795332,762015,768099,750254,788077,787683,791261,751219,791478
2f231892dbbf6c7386aa96c83cb6d59a37e8913152ab056d6290e2419a63a808,kb-rechtskompetenz.de,true,,712030,676592,654566,679617,675631,633973,640273,681922,697221,695508
94ecd3642ff2ba3c5fd6c9893e670398d33d21ead79418cca8bf2d392874d301,leboutique.com,true,,766208,757098,790152,801941,782442,757402,781434,780560,804758,797289
1a9960f1683c20b1d23d34ded206921dded0ae50dcfe0ae71656b9a1d520afd6,hvparent.com,true,,662638,640061,686510,684914,684177,676210,722139,659088,636941,659855
139bebb3bede560b5979163b6189ccf9cf5afc4df059bbbf7b945c806f686b88,www.corahealth.com,true,,810234,803270,840127,853016,805685,809375,801260,844139,824339,859901
f2878d6826302d4d55a666456be1bd7a95ddc119e00ba4abbfb1db077a2e2ae1,www.brookdale.com,false,UNSAT:repeated_certificates_in_chain,1364108,1348418,1353400,1384764,1332369,1371122,1395520,1374102,1337899,1428098
287fc9c02a47bdbe8b11c3d4f6987027758ca9b50d9feb301a515aea74d8ae1f,bledina.com,true,,791247,861391,855452,856800,816243,848906,830316,816755,790588,808862
9e39db212e8d5dd6bd958a656c744acd54f16792f546ee1831a4cdfc68c66a1d,www.priorpremium.by,true,,803282,790920,782562,802006,841274,768452,799301,815226,812219,818053
c19ad8a649ec89f3bced75844cb5ad34bac85752a008d1262225f30d0c70797f,ieasyviewer.biz,true,,807275,811933,810945,811309,814607,806765,834428,789567,829312,834248
2e9f1e959f68850cc92136b43d269d2129914d13adedb7e104ce49b7d64af195,ike.ciostage.accenture.com,true,,888348,830340,861938,862734,881545,863284,900629,847788,851886,874814
3b39953d4ec8d1769222f9c35e54ef6d60e80f3386fd1bb1f63b3586a4037731,connx.nhp.com.au,true,,774303,750427,762381,768701,777402,775485,752831,769573,788660,783984
17d1a27ae89c0f82fc0ba77822c001aa53c3f5eb912c9ef673bfc4c8a1c1796d,rad.uat1.macquarie.com.au,true,,734134,739244,759673,783743,774866,733026,764881,781676,763073,739909
fa87298c6a6d4622c4d3432729414f22795f744ff0c635871b1aae3f6057d905,secure02.stage.lithium.com,true,,763214,783736,766796,760248,771602,748967,764982,761852,729675,765034
362bae0a3d4d5ed4785ac45d641abbd8f74c04f7aad1359ee4c8df16379e298b,www.proplan.no,true,,702066,653010,678284,681619,696421,697927,696985,656483,652253,639432
782aaf99b4d7e44736776aec61b0d1358cdf5b3ad2321d33966d79d7c1a9f279,mail.congress-union-celle.de,true,,687295,681221,681282,682994,697577,728619,703821,714617,698962,736016
dcc809125316b7f6fdf4a7d764743cd7b0134ebc0b212c1cb8ddb2e82976aa5a,sip.barloworld-equipment.com,false,UNSAT:repeated_certificates_in_chain,1251827,1244127,1218867,1162413,1199767,1130846,1162773,1135612,1224764,1264208
a709a6e1397aa701f695ddb78d59f2af5384719f30523aba17cd5b6ec12d5e2d,mediasite.phsa.ca,true,,776573,790817,746098,787202,740393,734085,713880,753492,740949,755151
596b8aff74abbc7c622850b567d6602363ceb2c61a481d181614a1a3890db19c,uat-neo.network.ae,false,UNSAT:repeated_certificates_in_chain,1375632,1265283,1345407,1275042,1283200,1324690,1269437,1314020,1290485,1241783
d21b30dc0cd31094ca9370981cccc1bd7a8f77251704b1f773ce30fa2081b68a,testb9eisap1.nnmc.edu,true,,816510,850408,863321,886322,848862,849766,854408,846899,866810,881912
fea521ebf1fe08d57c1cf21f484a9ed7d88acd3438f68db6bac2a1255a4ee0b3,mail.rpc-celle.de,true,,704631,658068,680607,664207,668282,699766,685262,704499,715649,724400
af5fb2bf2f2742cee361d294798c77346dbc5d269a726a4b35dcf2078d4b1611,deviceservices-external-maint.apple.com,false,UNSAT:repeated_certificates_in_chain,1266637,1303515,1306170,1360296,1271338,1289528,1363785,1352384,1296418,1328752
87b15790bf68976707d49918e5f612598f7a4268773edab1d793263284f0f0d8,helios.glenport.pl,true,,706043,727606,662838,708217,722618,647290,680270,672027,717248,703203
8cb3c0553af224f64780c129c2c84a4594cb8d78730b0fee5322ad97a2bcb629,www.rosafolheados.com.br,false,UNSAT:repeated_certificates_in_chain,890980,892254,880372,872440,895669,855152,874884,817800,817846,825028
e166098c814b4c0f3bbe9906936560c169d2884227c9f7ffb997efa97fb2009b,sicinfo.net.br,false,UNSAT:repeated_certificates_in_chain,803570,894523,855797,847122,789494,820727,891598,905739,838647,824513
9504697ce40743d347c600dca009580cc14eb30b494c64dab606fc4e3e5fd9f0,phbdelima.com.br,false,UNSAT:repeated_certificates_in_chain,916103,919523,880000,884886,838759,868655,885819,886738,787226,859158
bb0f8ab54103d6c369d340ba669a596ca198255b0eb7f1fde0683365aebde8c7,oldschoolmotors.com.br,false,UNSAT:repeated_certificates_in_chain,1243728,1219730,1235865,1208882,1232379,1245473,1152813,1213293,1217025,1167589
936b9ef67590e594a1fb82fc36997d1bb99a7fccb9d58bba766150b987ad36f8,natanabreu.com.br,false,UNSAT:repeated_certificates_in_chain,1148179,1234989,1259465,1156263,1297162,1194342,1183453,1227821,1252826,1231526
9f9b7eecbbc7fda4b7394d856d9d5dbdb95c84505700b2d3cddc3e41d0e316d6,mycbd.com.br,false,UNSAT:repeated_certificates_in_chain,809950,876078,906637,840337,862139,830352,900851,834938,902695,801488
971b51f1883b0b9ba6f9541cf5d09a0e99be0cb8324451027b377acd3d7591f3,www.zabbix.moneyman.com.br,false,UNSAT:repeated_certificates_in_chain,876444,914117,887214,860718,883498,863365,824222,901022,873232,842073
47c10cb73544287478c217bdfe8ae751a68bc9de22ccd55fca9d655ddc36af54,meninodomarketing.com.br,false,UNSAT:repeated_certificates_in_chain,856458,826009,826475,881374,832880,848044,839092,814197,923717,894272
c617a6972b7ce0267e480552bd9d3221695e1e45a7f08d816b8259eb328faff3,minha-luizinhas.com.br,false,UNSAT:repeated_certificates_in_chain,889546,880630,878869,888374,835864,901871,899217,841815,838637,880213
3fd3338bd8fa1ee10b59fbb665a87de01ad357fd3388fdb7fe0ce9053abd3186,laeletronica.com.br,false,UNSAT:repeated_certificates_in_chain,1198993,1238573,1219787,1229793,1197003,1193774,1131189,1178737,1227474,1271174
60a55b087e0b91c03f32f4253eb703182cb3535b1b1c3db27231a89f21d4ef71,innovatiosuporte.com.br,false,UNSAT:repeated_certificates_in_chain,944428,876710,892126,846167,861988,828408,813908,918049,835064,892350
ec98dfbbabbfd56e9604bd2708336e5f93244e2e0c39904a94c4e2dc15804b72,impermavi.com.br,false,UNSAT:repeated_certificates_in_chain,858205,878318,936160,870537,875978,894695,903587,898193,880330,892810
