55c9d8a03638fcb97b023ed38b49a53b5bdb6d30da51e97ac019393ce8cc6dc1,transhubindo.com,true,,40338,41372,22028,21332,42080,41434,42670,42052,41233,41148
72446725715d56d1650c23e3bbb080280b0c7144bbb5eb2e129ba986c0907336,www.ncrq.org.uk,true,,22500,22302,52361,23271,50582,56050,42227,51638,45412,30496
fc47bc96eeac04c1127910507f91f0e28888bcc97518bd6e362cca65c29c3e17,hub.practiceindex.co.uk,true,,34555,31682,38341,37246,36247,32549,37975,36016,37218,33708
6b6a354b5c9e07e11e990d95868407d7d6aa0d23a2944d63676863601d53a520,rewards.rehau.com.tr,true,,37195,34025,37556,34153,37714,35060,37862,34764,36527,35439
9754706101cd24b785a297cdcecfe859869ce9873189ad8c60331282e3aa25eb,www.poharesportove.sk,true,,38671,34186,35280,37509,34326,37195,34540,36568,36636,37096
c7fb6b9a47a749b80f6acc01af78a5029f5106752f3bb517602a8123686b64a5,www.teknikforetagen.se,true,,33257,37542,33438,38852,34095,38184,33710,38411,33677,37599
9e13037941ab6e54dc4e2bbf2b7200ce99d2690526a7a31404df900493966f27,avalda.ru,true,,34308,38128,34100,36693,36545,36994,35516,32984,38504,35180
51e4242136997c0e0ceaaa3c2834db2327a675e05f8f0d99f36f9ee69a8c8637,smetrics.seat.ps,true,,37037,33533,38155,35615,36726,33553,38253,33683,37682,34041
768f458e9d089a53260fb4697ffd4cd306031d9846bbfc0810661eb24a314da6,www.frizo.pl,true,,38261,34078,38154,34618,36577,36120,36192,50705,23484,37355
064f115b9b08d2e331c7f76b0e13007f2ebed66d660b4bdc924932a256ae1e71,www.ekogroszkipolskie.pl,true,,50336,40033,40410,49367,40555,33224,38577,40280,42220,46078
24d245ccac08c65fcfc1e6f3ccaf6ec3fa16a20bd7dc2e8344934421cad7e64b,accelerator.aliorbank.pl,true,,50605,44251,47861,49002,41888,53396,42656,27612,37847,35372
246ab835ae56d0945cfa2af8033d386caa638afeb05cefbefba8285ce34215fe,www.vaultit.org,true,,36973,43075,47926,28274,21784,50874,48463,54084,32892,31560
4a7fee675366f6e3766270800564d3219feccc9f871933c166ffea3caa102c46,www.stichtinghcr.org,true,,36598,43985,22126,39625,33168,42366,33251,32026,37133,34546
ea4cf8c3103c9b1c8ed0e44f4ef73c1d4c1dcae98c5b4850c2677d7ccdc68288,www.jewell.idm.oclc.org,true,,41344,41059,41299,55112,35949,29115,38070,33058,38089,34600
bdfddc711b78bc116421d7e13226ef1604e1b91a911e7664f217dae96a5d61cb,www.mmc.idm.oclc.org,true,,37689,34754,36714,35968,35188,37226,34224,37703,35027,37331
600bfb0272bf5795d2e1bf0abc54c3181c6dc01325ea6a08f7999ffe24c12125,www.deol.idm.oclc.org,true,,33114,37615,34304,37496,34936,53129,39934,22423,25022,36131
0486e72464837ecb3eeb061b38eddb26a9fb025deffd7f5d90a46a00016a4509,culvercityselfservice.org,true,,42682,32197,43446,24647,40661,36078,37949,33324,28143,40054
255bdabd00d0a067646a32558ec04440010efcbc9947f85d5966cedef91f8add,www.covid19reviews.org,true,,40353,32589,38921,35728,37120,35295,36962,35744,40492,28192
aa909bfbfdde887ed1a11cde691a04fb0d3f899928cb68e520c30acc176854bf,www.omsorgihjemmet.no,false,policy_failed,44494,38144,25037,38968,38218,35836,42621,20851,54124,25981
d6b3c49868e04e13fa92a1c4c838bc18589e2fda95f8a4cf6d71fd6336d12fca,www.verkerkvolvo.nl,true,,34324,36922,34084,37417,36175,35662,37163,33412,37368,36509
53cbcf6d2db804d762c01f85ccf68184f6d64d4f1f51b6ae3981c6dcfeeed436,rooster.fsc.uu.nl,true,,37102,32743,38601,34846,37114,33606,38323,33738,38535,34080
1ba5859e463aff1c76a7a972e2764b0e87d065e1151338005871cf33cd5dd7e5,www.scheldekwartier.nl,true,,36832,34613,37032,36112,35560,37299,33643,37988,34005,37887
c25b83d955b4643bb7bbd9009d83fa9eb812014afda92680b540d472002e610d,www.rodvisions.nl,true,,33605,37695,34028,37763,34747,38096,34814,36956,36035,35588
ae7abb18919d7dad5c51586d193652e8bcaa61fc234fa88c8d3c19874f1ef932,praktijkbureaufilm.nl,true,,37321,33232,37799,34346,37717,33891,38192,32758,38414,34509
770a76ba1727441ac60cfa4f2bfe815185ad35730397308a13b23f213fcc89aa,www.natuurlijkkreatief.nl,true,,38177,33450,37540,34918,38110,34997,36826,35295,34681,37823
d66affb1fc78ad5a8468f26a3acea7e44e49de6888cb4c0238b075175e3dbddc,english.cfr-nl.nl,true,,33545,37837,34249,37883,33565,37851,34922,36883,35935,38195
53d35ba23f3435795788bcf50adf2c0770504d1dfa9cc1fb7e0649c267b58db6,www.123-loodgieter.nl,true,,36266,31932,38318,36405,36547,32690,38388,36571,36716,32828
978c467e7e98667c7720505e99dbb791028719e22ba49ccf590803e1b790fee0,www.fosl4-2.fna.fbcdn.net,false,policy_failed,37207,35798,38675,33603,36381,50317,23457,37749,37122,33344
dd9b63b97966c42ad45383b4be5a51270477d5b529086de6bce186124a13ea9a,www.fcue3-1.fna.fbcdn.net,false,policy_failed,37723,35448,37126,33653,37372,34335,37439,49460,39196,26607
ba075f58345286bf1f9da4cf6c77d6e448cd974131257e31ac55c997f3047488,www.fpfo1-1.fna.fbcdn.net,false,policy_failed,37866,35177,36593,33415,37981,34302,37451,34644,37225,34712
adf5a5759a12146a17299a9767f9f10522a56a5c037b8c876f1ab1c5565a9bbc,www.ffdf2-1.fna.fbcdn.net,false,policy_failed,37032,35936,35955,36897,33806,37881,34125,37536,34182,37607
924733e0a1fb4bf73dff6fa673e8a48f5be187c4c84d870a8b4e8fb589b614e2,www.fbog8-1.fna.fbcdn.net,false,policy_failed,34984,37821,34509,36836,37198,33559,37499,35114,37080,33460
e94ed3c1475854c8f5a617076cda19f63375a5c0e2960abad1f9fbc47bb472b7,www.fdac50-1.fna.fbcdn.net,false,policy_failed,37749,34156,37689,35017,36976,34536,37566,44962,49028,53093
26d8942ec808d2cb1bfd93ea360c1d6decbce944db00d0681055d8b48342c2a2,www.fpiu1-1.fna.fbcdn.net,false,policy_failed,34595,28159,37424,37228,32918,38578,34562,37112,35007,36914
b68dd93ecbf22e4cceab6de7c3aecaab89d0d7fd7e9f0d609d5bafd557ebc673,www.fmvq1-1.fna.fbcdn.net,false,policy_failed,35738,36180,36264,35503,36797,33510,37922,34274,37575,34559
c82e721bccd82648ad5eb9066d4ff55a615b307324882ec1c4ffeb481d19c840,www.fcnf1-1.fna.fbcdn.net,false,policy_failed,38257,35141,36172,43155,22028,39454,37010,32726,37501,34198
a9d609151b93a95ea3e974393a60890708095376e7041ebfd0641dd655e1303a,www.fdac46-1.fna.fbcdn.net,false,policy_failed,37210,34743,37326,36679,34183,37723,34395,37440,34131,37655
f3980c3d55ddd6fb9b8d26727b614436765273b8348f079a320ffff4d3d3ccd4,www.fbkk2-5.fna.fbcdn.net,false,policy_failed,33648,38355,34172,37908,34194,37774,34950,36871,36121,36105
e1ff267a74db8897790e84e29db895076595cd9b696eea63206ffd315c7dca6e,www.fams2-2.fna.fbcdn.net,false,policy_failed,35604,37072,35905,32377,38008,35452,37179,34167,37569,34650
75e67e067292d6429f7c028c9938ef665f959b36ce4c6c5ad1d34ec2d5b87957,www.frnd2-1.fna.fbcdn.net,false,policy_failed,37118,35612,38671,33719,35748,37452,37023,41144,21954,43218
f0c599c34ee0b97d6be46f61cd7f0bf66f9678f368e9ebc26d68cb0307020fdf,www.ffco1-1.fna.fbcdn.net,false,policy_failed,37275,37816,37146,34250,37595,34006,37885,35134,36830,33572
901a854950ffff1f9ca078ac14062268bdea338a786f35273494fd71c8d1f526,www.fcau15-1.fna.fbcdn.net,false,policy_failed,37875,34365,37524,34156,37990,33657,37669,34233,37631,35022
8a31f2852645e80855b3b0161cceca870e892ca413d20a0e11b874d2ebf3a6f1,www.fdac82-1.fna.fbcdn.net,false,policy_failed,37013,36918,34048,37685,33664,38139,34337,37420,51073,22958
15a234a366d8cf1c91c160aebc032736c2e2a15c61e8ce72ed97a551c479ab1f,www.fboi1-1.fna.fbcdn.net,false,policy_failed,37485,43719,21959,21944,40518,48761,50363,33231,31519,33347
b5381277fc7f7f1c1ccd9631edbdadbd7ba4158f3a7c618161061a078e4805fe,www.frja1-1.fna.fbcdn.net,false,policy_failed,37828,46276,49534,49974,27157,32927,38746,34839,37217,33841
76f2020c735388e6c340d9b918b2bd04bf437b13121cf6225242c435205be658,www.fscl11-2.fna.fbcdn.net,false,policy_failed,37605,34554,49625,50461,41426,42900,48624,39401,31421,21441
95af92a41d4ccb8b47c03f93c7e0ef24c9cc33eb97713e84b89a0571bb6280b6,www.fbom19-2.fna.fbcdn.net,false,policy_failed,39060,22723,37682,37180,35315,37317,40133,40261,35312,39132
b44b2ca0fa882cf49abad428699d57b9f141ddbf33238528b83f54f86b750b43,www.fsub1-2.fna.fbcdn.net,false,policy_failed,35084,48223,38973,44152,53734,40402,28230,36460,32531,37921
85e092380dc543589acbd74d3c3644de33f6c06ba9053529fcd25a2e213992ec,www.fuio1-1.fna.fbcdn.net,false,policy_failed,35624,36951,33432,38147,34080,37643,33836,49880,52182,31383
05918c3172294c98c5d0947ca6af3a0c68c521e5ff430c62142778166cc57a31,www.ftgd1-1.fna.fbcdn.net,false,policy_failed,49852,50937,43489,55099,43545,23989,38564,42743,35122,45708
404f399cddd75e5dd67f121f13d29ceef77a229179763c9fedd930835a28bfeb,www.fros2-1.fna.fbcdn.net,false,policy_failed,49861,43591,22492,21772,51002,51003,28647,33783,36372,37797
ea090cacc35e2fe4f1ddaa8b0b72a01c64ea17af4cfe454fa9e09c4e9396c5b8,www.fpkr1-1.fna.fbcdn.net,false,policy_failed,36191,31909,38457,48594,40487,21792,40259,52294,31323,31419
f6bbb515009e897dab761142363ad44e5e6afd0df8fa66a963956d44dc190142,www.fgvr1-1.fna.fbcdn.net,false,policy_failed,35952,37575,36487,37355,34749,35352,35757,37901,35959,32925
2d7dfeb01eefae1a716a3f5fe76518cc63d7784830c6f9e2dd3b962f00c04f60,www.fkul2-1.fna.fbcdn.net,false,policy_failed,38285,39202,44615,53496,38062,30593,45149,27019,51189,43500
33876658239d1a66053491c6044d4cb1c9c1f2580b5631300debf936fc3cf55b,www.fkno2-1.fna.fbcdn.net,false,policy_failed,41176,22656,39004,36856,32460,41149,22079,38917,36861,33203
e88c37eea597396ba03bdeb1b54bb5aa8966bf3d36a2bf44d510b90dd2b939a7,www.fdel1-1.fna.fbcdn.net,false,policy_failed,38367,33792,37670,49954,25214,37207,50427,23736,37583,34105
581168e2a4cfd02e953f5a6dff0c4866bced377c0e3c7d9c271bb787b5cce8a2,www.fath2-1.fna.fbcdn.net,false,policy_failed,37337,34537,37254,34743,37222,35763,37307,36236,33407,38153
fb2465c7ff8327747cba967efda6bcd854cbc6947be078005d57c4d986816274,www.fbeg2-1.fna.fbcdn.net,false,policy_failed,33912,37684,33103,38542,34573,37931,33540,38265,43546,40763
6811692b4971d4a12902c291317c24b71fb19d640db20048d2c97144d2dfb5ea,www.fada1-1.fna.fbcdn.net,false,policy_failed,42625,52886,53125,40402,22815,43769,41363,32762,28677,21574
fcd3124cba81c8254b73ad987c8e828620dacddaaeff69ee30102f900f773735,www.casanovarentacar.mx,true,,21874,39699,51774,46827,42919,60613,32356,30949,36754,33871
f86654840c855976b1088549a9cfe7c2cfed73c9d325df560737aceba092c13d,www.infodebt.lt,true,,53271,38673,33480,38616,43545,33502,39332,35052,41659,41080
4d13c94e3e99334efbbbcd3da838094c9b670d09fac4145b5203d12f45e20383,www.bistro.io,false,policy_failed,36951,31945,37407,39077,36715,40339,36527,33413,42091,38985
f6a160183505cc2270ac7d5bbb3c5429b9595c1ae986a2e091db409ce782629b,www.nymta.info,true,,40128,39147,40115,36537,37125,34998,41144,42392,34808,38005
50ff00173a384fe8b35871d97583beb53f8aad8bfdc0a6306a6522ac5a725038,saniteh.hr,true,,41151,21688,43420,49913,43209,42325,41227,54329,40705,29816
a1d2645b92c3a7a6070f30504d3e7a5efdb6d55bccfc9f276a847a844df3a1df,airi.uniri.hr,true,,33750,38638,34968,37570,32687,38459,34273,37732,34366,38331
c1761024c3f4a96a56c5b2ec1165738fab47735a5b95ea7b7a0e4954a9e65227,eshop.wuerth.com.hr,true,,33795,43616,29408,37418,34815,35975,35855,35882,37076,33120
16af565127713ce579ff5bf82215c23e35c8c1cd236674335ddcaa8bba53e3d8,www.oupchina.com.hk,true,,38063,34789,37493,45481,47429,54414,37453,28985,35909,38610
4ecc7e88ce752755accc819252e42d1726566e68f6d7664df7f60b3bb8ecd7a9,extra.u-picardie.fr,true,,44903,42131,52845,52663,42777,54647,42542,26449,43257,41775
d2aa2eb854cb812b0462dfbcb79a2b287dda555105c0802c453fe279bdf3ac9e,www.webcast.fi,true,,40307,22101,35274,43674,33988,29344,36007,38368,33940,41418
e13a166872619ce8a2719a0425195f2536fe15aef3c8371090c2a8d7f277460f,www.sanitarije.eu,true,,49588,43524,40143,42428,22570,34837,33123,26832,56316,40354
542c6d4f631809286a2a0121b37844084c325ff8bcb46c89731b72415944c753,coello.ujaen.es,true,,41327,22931,47352,60059,50082,52614,55189,32634,22488,27181
d58b6a2c1d6fcdde01a3fe1747ad71b82c3629a73da25469bc53e145148a2f50,marketing-intelligence.axesor.es,true,,40807,22313,43015,42569,43141,39291,48052,42991,57816,51720
f81371ea9ea34c849ff3a71f8713b8558314c4dac9a460167ec8c7031a2a4354,banner.nicholls.edu,true,,37352,39679,40911,32655,33119,53159,41203,42121,41446,41743
2481374269c89493d7463e580f1bb027cb567050f9b420df28e8c25e8f2392de,globalmormonism.byu.edu,true,,28953,40993,22425,54711,42399,22125,39418,37443,32739,37221
e96b1a4adb0fbffc5878595c538f1640127fc71cc03b66e11d57043bd4512f9d,www.win-wue.de,true,,35033,37510,35036,35543,37104,33375,38265,35771,36071,47899
e167d5a9ed3cca76e44f3186af73319f82c5dafd654210b192bcc0251d82b3cc,waldcamping-pirna.de,true,,26701,36263,38054,48291,40473,27856,41455,35979,41681,21881
52901c08de0fcc64c064d3f25fe4c06068c696a1dc354abed20b7b9c1701bf65,stofflein.de,true,,21373,46945,41709,21483,53700,38833,41081,47967,50878,43341
891954f70a374a4976112df2b2f5095ae401f7a37c4c58efb2e0ebc3f8a3c896,www.moneyou.de,true,,43718,30029,32877,38123,36699,37049,31723,38754,34948,38131
450693e945303a8dcb027171f279db76e533fe361ada48cf8ad61a5f6d49255f,markgroeningen.de,true,,43285,41069,52049,48673,34838,31831,32422,37753,38767,35249
2f231892dbbf6c7386aa96c83cb6d59a37e8913152ab056d6290e2419a63a808,kb-rechtskompetenz.de,true,,31600,38172,37745,36151,45239,23645,37323,36972,33361,37929
72a8d121f12e9e591b8bc8f90e1b298a2e8cea07fbf91801f83d9984fb1d1342,herz-jesu-krankenhaus.de,true,,34799,37773,34826,36468,37195,33982,37194,34236,37476,33994
51d5132e38113fd12871d314f100cfe0f39abb296cfcc8ed02a2e91edcf80e28,www.ftl-stadtwerke.de,true,,37618,34313,37634,35349,36885,35170,37162,35744,34944,37536
12b2cb2ef26954b3ed7ef29b34a03af9adc6741cb523cee49015965aff5d863a,outlook.beruf-und-bildung.de,true,,34883,36985,33779,37689,34388,37531,33829,43956,46957,54814
d76c5d98b2d1e58871037016633da39891dc67421bd7f322d2108e8a00df9d87,www.assecutor.de,true,,41450,22189,46213,25512,34695,38200,34569,44474,30238,35226
29a41016aff84722769d0d76fbbc681210760e711a9db87d3096c441fcacc07a,www.alpin-consult.de,true,,34435,36243,36429,37065,36041,33789,43179,21485,40359,41284
64ecfcf0503a7752791ca028155fcab3a53c26f29189e892028a44bcb1283e96,cba.phil.muni.cz,true,,40914,22363,21838,27447,24514,55547,48765,55451,50364,47441
af4b3dd2279e4abe26db21a94d1338939108a60cc9c12fab1bd0001a448df9d7,www.winkhaus.com,true,,46825,24604,37594,32534,51147,30664,36357,36741,34944,36718
1cae1324ce188e12e3bce564f326041a05994e3966f453a3c5dbc4c9f33c2e5a,www.tiendaparches.com,true,,35179,36845,34810,41096,40092,42962,47083,50153,54208,27237
4566dcf5e546c984be28a4a35d33750b107a950c6d9e8b1ca5366ba88d9ee1d8,ross.ext.ti.com,true,,34180,34436,37136,34747,37170,35544,37296,34888,36741,33968
869272a6ac4decf29e76e043cafcdc4f06b41093fd24d0a60ccd805444e38584,tableboxes.com,true,,37003,34668,37426,35650,37944,33586,37172,35326,38792,33278
c29a6cd745d662d9c4fe746e1ffcbe4de6348fed2804d3100eeff2cc84ac6520,www.stepxpress.com,true,,33897,37084,41076,40908,38915,42665,33968,35957,41797,47216
de768918c26f70673e342028016e1fae5419e160a1cf397a052548f5235370ae,stcmach.com,true,,24727,53402,53307,52528,30610,50756,23189,37705,37082,33343
379672504010d6978404d1373a22a93845ada2ceaa1a275a1feaa1500d0dd161,www.socialmediaonthesand.com,true,,37987,33835,37880,34027,38211,34250,37484,33105,38161,34744
b119916e0e20a5371d60a0bdb231f4ace21cbac5adc028ce380fcd655a45b444,v3.server-builder.com,true,,38282,33731,37295,35212,37060,37034,34350,37084,34541,37192
65bc8387d11a374222a67b0c979129ebbd1b567562407a898cc63fa90b33e192,www.purebuttons.com,true,,33947,38121,34302,37034,34325,37835,34199,53819,40772,27725
71c4fd866d0620672bd233b06c73bbc567d25a29e40c981aeff6d798321e929c,kpmg.de,true,,36173,32943,43760,21531,47922,39849,22147,42920,43250,36986
4fddd9691b85a1714a2fb19cc6e2105ee254056183e45686083d34d9e3e31bc1,www.profiquality.com,true,,39989,39852,36582,33345,37652,34738,37585,33451,38051,34524
a42718376e6d830cd7235495d0fe9d5c51bbcfa785404dea7ab449c9b7848808,www.pigments.com,true,,37504,34745,38013,35275,35558,36239,37118,35512,34880,37292
97d462107402077a278931a2cc3e4c0c6d4085502b0ffb18b008ea116759b806,www.paymentvision.com,true,,33830,39475,42613,41207,42112,60415,47699,25899,51550,36640
84cb1a0e87bf3a9abd648ee919aedee68917c6b2ea66e85ceec476e56534914d,www.pour-les-vacances.com,true,,27656,35708,37804,35197,37274,35042,36857,36525,33353,37889
5ffbfb4baf11965fbfa6dc0c8520da29aead940ccbe1381c987791f9691a173c,cdn1.mynvwm.com,true,,35039,37024,34544,37268,36206,36654,34130,37190,33814,37568
1759b710cde2fdfe497b0cf695b0034fb7fc815e95a1e10831af31e13615415d,fb.mynmg.com,false,policy_failed,34338,36989,35760,36907,36522,34367,38016,33125,38091,35273
1ca80bb0724b4c61b9ad586ef865d77971de0ef5c0b09ce321f9940c0de6bcad,nj.myaccount.pseg.com,true,,37431,33073,38378,33832,38018,33698,38128,34801,42400,23191
28c177a90e29076824e1fff31689c66a4d6cc2d16164c34ddbae6818539363af,www.msgindy.com,true,,36297,24575,30632,33522,37896,40094,43560,38127,38833,48406
9498c5c23e25494f6b1e9f8c906ef5d8f546db6fbee6264612a267f2d554be27,www.mh-media.com,true,,41905,40672,43850,39175,39866,48924,52323,48836,31116,31619
153681859c67e1a0b00c94589f18f2ee027648780b9a2ff33a8c3f717eb279ff,secure.medicalsupplydepot.com,true,,38071,33754,48275,40345,42197,50620,51338,42560,22744,21887
94ecd3642ff2ba3c5fd6c9893e670398d33d21ead79418cca8bf2d392874d301,leboutique.com,true,,46032,53798,39720,53452,40005,28132,36719,32808,38246,34354
0395aa51e4ad2c75cbfeec8e11d2c5052e37a2cda5396a78d5af0948c2240fd8,smetrics.kbb.com,true,,38033,33852,42226,41368,40650,40604,50649,53326,47268,23503
243b640ca0750ae498289614dcca6e90e2f41ffa9f0e6fa5e234bd8fc1547dbb,www.iprice.my,true,,40216,23371,40556,40262,35586,38473,34125,37298,39152,34610
11231f7ed4d5565dbb7b6fcd049e02a8056be3c149ac9962564d75886ba034ea,www.imovetrauma.com,true,,37352,34949,47977,22446,44012,36188,35853,32845,37424,37361
1a9960f1683c20b1d23d34ded206921dded0ae50dcfe0ae71656b9a1d520afd6,hvparent.com,true,,35835,32261,38130,36045,37202,34513,47859,23266,41834,37129
292c0344e7597e9844bf880169adc6591825890faf818089dc243d7698241bd1,www.hoekstravloeren.com,true,,38768,41399,42364,45208,41188,41065,43764,23869,43832,22686
c0e3b692fc904898fcc7bbf4508ab1f49fc45ab92f318a3f847f6e84c9b9992c,www.healthbeautymind.com,true,,36711,41448,37109,38167,46361,42462,41451,41480,52703,58443
6ce1c49ec28c642890d53ca334fdbd99ab7d580e67a39837c240c50c46079991,mail.gstdealermail.com,true,,54180,51363,35459,42914,42496,34527,29729,21644,43435,42438
922d71e05c0847d551b9503887096e36f5bd5f207c11efd526d4b2f694c84171,www.gatehousegardens.com,true,,21849,41860,47710,42515,41331,39317,54711,41258,46654,42056
574a6666811f79c5f1c5f85184b187f1b4b09a926cc553cf3e93fcce4edd1f74,www.fossil.com,true,,42049,41774,22242,47490,49071,22534,38078,37075,33930,37608
567164a48919ca70c2925309b8d7989c89d87f4762f13e4bfc4cc38abc52e59e,farunurisonmez.com,true,,34567,37533,34838,36807,34018,38079,50979,35516,41921,41114
a6d00e98b0c88a277e37ec4132c4daade0f04494eba4b01d706c44e8253ff169,www.estudiohyoshop.com,true,,58463,36635,29499,35801,37901,33787,37805,34207,38300,34299
d38e2c522abecdd890a41222ac3b8a248635eb8ca7fbe702d0f3d234dafabfad,ersatzteile.enders-germany.com,true,,36874,35304,36791,36725,36979,35657,32975,37665,34816,37279
cf4f92f071a34aa36fb00db2d126cce447c15fa54473b8290f501b531b54e112,www.emconex.com,false,policy_failed,33820,37962,34358,37413,34075,38304,34191,38029,33550,38278
b3460f33a87ec96947a8c9828ce86cb626d9e9eaa9769252b5496157da25f0b9,selfhealersclub.com,false,policy_failed,34539,36972,35200,37889,33916,37455,35956,34611,36217,37056
803c3f1b7f56f533cd31e8a41d5a5888f6fe0898707b1756ad3cf3fdae6589b5,secure.duplionline.com,true,,36479,32334,38140,36036,37160,33927,37278,34268,37650,33366
5bcf9b5f05e93f2f8eba628ece9df0f6161df2f32ae2fcd10124a649b7f2afc8,training.insightinvestment.com,true,,37934,34532,38153,34633,37290,36643,33928,37652,35488,36839
86672c58e40051df4bab066241e10aa2d9a68d11f7edb7eaf296b8f865429059,gannett.com,true,,40622,35115,36201,35048,36766,50111,28256,29008,48154,63881
4c79310a39445acb45300293e0703f3ac45963ada7dbec7438b0198af79c15dd,reportmanager.gtb.db.com,true,,40988,22266,21918,21189,54902,49686,27489,34874,37997,34577
777c4a561ff0fdea7d56f248e3d84ab1fa61634df41b745731cc7ded8d547047,creamagic.com,true,,41558,37929,33255,36955,35306,37333,36260,32371,38408,36335
0ef6b7d60eded9cb9284807d24557a8b1916b3a3d1d3b08724dbe28b84ea52bb,www.mh.connectria.com,true,,36795,33037,38286,33828,37798,34490,37941,33359,37978,34423
31295755c7ac281d2e7e9f06e959f0271a88e357d39bfabbbe05512aa6c6c4c5,www.cnc-lathe.com,true,,36997,35090,37039,34898,36966,34923,36947,36615,36531,36056
a9f81bcbbca8f17bc8607c5772fbbbd438bca476604246a81eac9d3b115eccba,smetrics.cnr.com,true,,33204,37708,34323,37453,33985,37641,35048,37148,36878,36142
b5be7c56c86cb7c4ff653d6f922e660cc45b5d3150826949f06953e36163e456,adobetps.chegg.com,true,,35848,34612,36965,35186,37325,33350,38117,35338,42495,41779
139bebb3bede560b5979163b6189ccf9cf5afc4df059bbbf7b945c806f686b88,www.corahealth.com,true,,40953,53786,39076,40140,22463,31226,35487,35393,24894,21449
568f3131490c63e42843037f8a276d61fd969599a4e0c53d4f0565b8320819c8,sparkbusiness.capitalone.com,true,,41525,48456,43279,22254,41515,40346,39543,41042,22392,39861
be9852313d2ea193af20a6f61a1c01331e4321511950e733208a3cd46105b137,www.campchi.com,true,,47180,43537,51502,53149,40568,22793,39519,37479,36397,38605
f8e6a6e3318cc80c26b3caa2466ed42948c5d306f4ec1e1e8893d4e032e5cfee,www.calgarymartialarts.com,true,,35620,36476,33490,37542,33996,38416,33692,37630,34348,38173
2d223ac40697703911ace1983a630cc5d827363a2ed8204dc9e4b476523f6389,secure.business.bt.com,true,,34220,38123,33646,37501,35397,36958,35140,36458,36275,36517
f2878d6826302d4d55a666456be1bd7a95ddc119e00ba4abbfb1db077a2e2ae1,www.brookdale.com,false,policy_failed,36071,44710,50051,55777,41089,39805,42185,22751,21867,21669
45ad050b7fe1f4f247e551193a6e7b1a4d0c3412fb363823b689f92c901b4703,github.braintreeps.com,true,,35434,21687,21399,33592,29475,21471,21508,51507,54438,41081
fd8b04b2571150ea2c11c0ff7c56179ba60515d2f22f9204cf6cef5f808ec981,www.bondster.com,true,,28078,41636,54732,37585,28503,37256,33306,38529,34394,37620
287fc9c02a47bdbe8b11c3d4f6987027758ca9b50d9feb301a515aea74d8ae1f,bledina.com,true,,33380,37762,34004,38642,33279,38132,34181,38336,34777,37171
abc316983e90b569e5bf54fcb932ec28fa785eb34cbc69b625f25d78a1bc63c4,www.cryptoassetrating.com,true,,34959,37825,34902,34361,37019,36291,36930,32650,38351,34247
0280de02a6f1232dd403a69f84c4de08f6a8090896915bfea7a716d62489179d,bankofgc.com,true,,37739,33647,37928,33938,38012,34304,37463,35607,36965,36740
200b8e74c59adc574f870abc79b681c74fc7bf3862f69f1b3d4a67d21cb82b1e,preprod.ml.aon.com,true,,32774,38251,34797,36876,35010,37003,34070,37626,34952,37104
82977de5c8cb79de047e7da2d4ce874bef3531bb8c7b162909d0be6e0a4c6dcc,mailnl.anteagroup.com,true,,36225,36258,36455,33638,37752,34034,38445,33754,37376,34581
e66e00f16137b35a471405d01cf77b0d4c78b2fd76c49a5b1533676693404128,dvs-web-participant.alight.com,true,,37944,34287,37005,35492,37684,36016,32662,38123,35828,36955
e99b548d2d096c732fea306681f074f750402b1ce451dc61f514e3454218f1af,bcbswny.com,true,,33127,38286,33797,37783,34076,38772,34362,37158,34468,40838
2dc466cefa8ccf85fb6e5566565a6cdbb63fb36a629abecf6f2a17e71330d897,be.abanca.com,true,,22137,39843,39819,23614,52870,46796,29442,33598,34205,37977
d63aed32f46b2e0f194f5120ade82ff3d5ad96d1433e517a4e5a32d935cde7c9,dpm.53.com,true,,34530,37065,35012,36850,44245,29226,36221,27000,23153,40858
b5ef501a5ff58c4549d427959fec2de22eafe5e89a08b4974b37688a2b76fbc7,www.31ststreetstudios.com,true,,43974,54785,33819,41159,45353,29799,50474,57143,45208,23458
9818730336fce6cdd5bf12fc8044b05c9c7b87237b8d700a59838e680c484692,webmail.gov.ns.ca,true,,37918,44396,53688,37243,22131,41797,44848,55258,40163,31574
f91d89086150b05ad6d9c58482012aedda2cf98750f120dd659119783c98a141,pointup.ch,true,,37095,34184,38136,34490,37190,44084,41592,50014,42986,46809
836ccee66f064ad3e65725ce4f78fc65840554c23bfcf947077ae551fa68d6a0,www.how.ch,true,,24838,35712,37773,33125,38672,34177,37149,33744,38034,44630
faf5bb242949440882103ed3408c6fd087c2ad4443159fb4818ee9b0da8a82f8,www.docsol.sfu.ca,true,,42104,41281,43498,40142,22193,21530,43788,22302,39458,38864
9e39db212e8d5dd6bd958a656c744acd54f16792f546ee1831a4cdfc68c66a1d,www.priorpremium.by,true,,39944,36084,40863,41164,39670,35581,38459,39523,36722,40614
c19ad8a649ec89f3bced75844cb5ad34bac85752a008d1262225f30d0c70797f,ieasyviewer.biz,true,,39768,36599,32183,43213,21669,41115,41919,23075,43019,61495
daf13b951fde276709c523aa38559f78335d99706fe8db332225ae447e0cbfd6,hotels.united.com,true,,43134,27879,36869,32986,38507,45383,47702,55980,30724,32435
c34bd42e312389182e6c2177eef10d922b764a955b09cb9c9954a21fc8cfdd1b,www.weiss-ug.de,true,,33668,42520,34463,48213,54631,40620,22476,36324,38471,35479
145d0da5196c9ac6c2efc46644ce73fe846e899eb89bfb00020fc031cb60a059,www.msepmonline.net,true,,35515,43155,22009,21268,36159,40876,32481,41140,42002,34838
1415bc4c4aa06ef265db2dff364dea3371a69a2b4c1eab44abe4de44450f48ac,ebics.hsbc.de,true,,48880,42367,54757,42472,43930,54136,42496,28492,37563,33431
576bd964f97c8f2cb565586a2af32380fff8ff05bd026fd30d12db6f68b80af9,www.state.wi.us,true,,39854,34780,21984,54508,42069,53097,54846,45941,57487,32228
b6356fc5e582006dbdc2dd4ff24b204840dceb4c69a0505df10fc253293fabef,www.netaspx.com,false,policy_failed,30226,36228,37928,34480,38121,34660,36897,34936,36658,36176
78135143a79b696fc66a63707d7bd1f2b311456b2d73ba52bc10a94f578ebe60,www.asbestostraininglimited.co.uk,true,,36733,36178,32906,38396,34695,37125,34161,37367,33829,38526
9bf6c04b0acf459cebd59ed71e7628522bbaf4d55c61ab4da8c733ec291fc392,www30.mercantilbanco.com,true,,34271,36911,34520,38163,36461,34318,37744,33415,37966,35565
0b87a8c6a0ee8a6abacdff05728fd963d51d89219b481c6aaf333c17959aaed1,goppe.seb.se,true,,36976,33476,38421,33312,38124,34661,37392,34507,36887,36666
a1f488fad303b97f20da004e77c4a8464d4f6a96bf105642553e61b29753e806,www.okwd.uscourts.gov,true,,35866,36281,33913,37980,34335,37841,33895,37672,34849,37073
207fb03bccb783373283668651507fe8ea8cf72a5fcba7bdc239be7e97e3fd13,www.quacademicworks.com,true,,33894,38051,34172,37317,33999,37728,34618,38181,33995,37225
f850002831ae5ba33a6287fab3fdeab4cfc2103f8660e5d9960c1d558672d6fe,fliegl.com,true,,35925,37466,35494,34680,37823,33240,38075,37437,35909,31429
2e9f1e959f68850cc92136b43d269d2129914d13adedb7e104ce49b7d64af195,ike.ciostage.accenture.com,true,,38230,34441,37455,34086,37988,34670,37502,34597,37239,42445
5bcc76312f4f32aedf6d9791c6b9486abaff8ea5a4786f4347375401b21a1e3f,mobile-qa.capitalone.com,true,,27950,37700,36369,35747,34602,37689,33709,38517,33307,38127
5e89ade7a0fa23979c1c856c85a08551bc35f947d1708f3381887e0060b42372,www.lifetouch.com,true,,33087,37870,34472,38303,34387,37277,34397,37303,35765,37765
fa788d0b36afbf942fdbe460887f1284c3c8134258ea438cdd3dfe4c5fe45b63,www.fevn3-2.fna.fbcdn.net,false,policy_failed,35635,33035,37658,35721,37288,33379,37878,33339,38526,34762
7b1650e21b959f21607b0bdf3f20bb6adeb5073bc54a12bd2b737e6dc2d30178,www.nbrturismo.com.br,true,,37835,34012,36880,34813,38008,35458,34542,37925,35242,36760
8e072e455a05ccbb08bcd21aa3413847c35c57670c7171fe62e4c20395aa8633,www.libercard.com.br,true,,33988,38546,33832,37433,34495,38075,34507,37602,34343,37775
a9f483a48705b227e5f4777fb976e891444e4937c813dc8faf55fb6cea55c334,relay.vliz.be,true,,34715,37050,34325,37283,36591,32342,38007,35960,36921,33221
2736a8f37f2f09e4c4ab2d8a27d7f5a432c4cf2b98aa2ad2f1d0612bcf3ff0a1,www.roti-renting.be,true,,37640,34228,37616,34725,37236,36882,34258,37422,34806,37305
3b39953d4ec8d1769222f9c35e54ef6d60e80f3386fd1bb1f63b3586a4037731,connx.nhp.com.au,true,,33788,38047,34357,37346,56256,32884,30828,47992,42224,50910
8f22c3529310214f8cd32158b7c16c37632212afc1382bff06d1001aad550978,www.weg-und-raum.de,true,,41997,22710,36119,38821,33870,37071,35104,37729,35079,37333
10500a08a180ed8fd8c2448242e7da3101f0c057a07a0608061afd5e118de171,www.transcardgift.com,true,,35595,34699,37269,33135,38052,35447,37519,32796,37739,34260
1aa41e9ff14dc3b60765cd723a9fe9a7c8003797bb7349010273635f9f281ba5,pp-rebase.zappos.biz,true,,37730,34442,37315,35014,42028,22861,21390,21124,21051,44551
5849d488974affcf00b6253e92b1fbee81701e0afc6d0b4871d7233adafe4e0c,www.ginsen-gr.co.jp,true,,50858,47208,42254,47920,57246,29189,36143,31745,38690,33311
063b5758063aab1b0745a64549e536d80793574c1586892e4e285f38acf6ad6b,h1experhl01p.swgas.com,true,,37535,34739,37821,33819,43734,29844,36285,34745,36654,35644
17d1a27ae89c0f82fc0ba77822c001aa53c3f5eb912c9ef673bfc4c8a1c1796d,rad.uat1.macquarie.com.au,true,,37297,35927,32916,38439,36064,36719,32863,37925,34709,37537
869dea415a89af0530a8e29bcab0b6eaff02cf20a4520827edef1c82680a6be9,www.a916aaae844c4297ae4f5cef82b48b51.plex.direct,true,,33789,38452,33846,42618,48386,43219,41959,28310,37275,34238
87c87d17fd7929554e161c6a48dd2a8cf59dad448aab8cc40f5347dc88c4bb8a,securereader.axa.com,true,,37440,44405,20903,38220,36621,35282,37211,32997,38299,34223
fa87298c6a6d4622c4d3432729414f22795f744ff0c635871b1aae3f6057d905,secure02.stage.lithium.com,true,,40969,53132,54776,42725,44685,42605,52655,48357,53272,30798
bfbacaebff962eb9f3c67ca7beaeb685321232951c189d2569c7bcc8d79a8ab0,client-analytics.braintreegateway.com,true,,31914,35473,37639,34260,37922,34921,36884,48167,42358,44330
c898ff287254a206c08fe8dbab0ca912886c8463ea86533fe58d81af959d5ea1,developerit.capitalone.com,true,,53625,40119,27083,37701,45684,22664,36558,41794,47918,54069
f40f5d335e15abfb7780521923d0ddb2d9faf66a89967b5ed8fa1f021ba092e6,go-wellness.epson.com,true,,54356,50213,52622,30438,31658,38543,34693,37931,34232,37564
2e617816357cb06559c9d2523d2f582ec9288de61136d2f29761a69becbb73aa,view.comm.capitalgroup.com,true,,33730,37583,34031,37913,34544,37653,34274,37412,34034,37632
46ac9462ba055301eaef119e22e0cbe3e067dddfe0ba8f7d1f0e641e7edd3fae,flourish.vitagroup.com.au,true,,34235,37454,34958,37294,34749,37895,35642,36999,42994,61360
2eb4b6c63094ef661de4fb3b5182b45cf791c927648e41fff93f66578db6bef6,clinicalhumanfactors.org.au,true,,49911,54894,47441,24964,35874,50758,25874,34492,38472,33831
ac1bca998c850f9bd0dfb1a065dcb0d10e753f05d753f37ec9908df62f6a0d53,www.alsok.co.jp,true,,37481,34404,37864,35063,37589,34529,37586,34003,36811,36521
362bae0a3d4d5ed4785ac45d641abbd8f74c04f7aad1359ee4c8df16379e298b,www.proplan.no,true,,34737,36927,36886,36161,32323,38408,35462,36986,33019,38596
b7d1425e37c80568dee449a2f6a3016bff7b419426e18564f22f2daaeb92fcd4,ivealwayswantedto.com,false,policy_failed,34993,36720,33671,37772,34022,38524,44986,21744,40777,40962
19a87a6378b8bc28e2d5eb89c2e1a1676d59fa8291b27b4d370f6dfe420f24f6,aerial.vc,false,policy_failed,51281,60714,32961,51125,50809,41162,52240,52627,52571,25061
75975f1bc9bf05db74956983bbec670a3e1541618c18373646ccae7b07ef366b,www.ptcmscloud.com,true,,37488,36545,32486,38407,34277,37530,45540,48942,51114,24039
733298f824cd359cd846bcc214f9e21b1fb719273f65f7db8fbeb5fabdaa7fcd,www.new-gremienmanager.de,true,,42525,42922,33628,38795,41533,42424,45418,51817,51300,41647
56e1ce9e55762702dd7c93951f494e316e2c49c90439e5924a8e3c2d7a0f001f,www.norisbank.de,true,,23452,43805,41319,53920,40209,30900,33878,38645,46746,50345
37e3ee10c647b36376416c908b922431955bb44b7fad0da8a4cc409a43827c00,chubbcyberindext.com,true,,44768,26270,39400,55334,33325,44533,41851,54219,36708,27848
792014aa20fd04618b77f98c9e4b606867ca93d60c6fbc730b37c3a531546612,saas.atriacom.com,true,,36876,37432,36285,32620,51553,44051,41811,22663,37275,37537
782aaf99b4d7e44736776aec61b0d1358cdf5b3ad2321d33966d79d7c1a9f279,mail.congress-union-celle.de,true,,50664,44340,37590,28398,36012,37952,46796,40100,40497,51966
617a424fe1d1ccec6fecd89f1fb21c80355adf7b221ccf2cf345cc4a0b063d10,remote.legacyventure.com,true,,40853,22396,41263,41972,44593,41585,40520,21842,39998,39907
5564c77b75a2bd155afae62101fc5f7d0d7b8f5c7332f3164d273743dae95678,www.higobank.co.jp,true,,22470,55500,37197,28815,43542,41269,21609,42484,40799,39061
e4ac8addc0cdd0921788dd0da6a4dca598d5ea67bdedcf040d56e6e0284c0a9e,www.baselimpa.com,true,,39966,39396,39599,42160,34270,37751,33368,37678,34242,37811
dcc809125316b7f6fdf4a7d764743cd7b0134ebc0b212c1cb8ddb2e82976aa5a,sip.barloworld-equipment.com,false,policy_failed,34328,37888,34575,37721,33665,37226,34718,37016,36765,34965
3173b498c0e80c04d7798d5b5bf16ec895c02bc6dac0ec5dfb45215d9c09918e,www.cffc.com,true,,37230,33784,49725,44571,22492,41725,46879,42782,48511,22864
92f8d570c2333e77e7b93607649f0ca95a8b6c292ededb7894cbc2a2dc00872c,filetransfer.trekbikes.com,true,,38275,36602,31903,39165,34565,38109,34042,42487,58968,50367
c892f5a8733ee19f4144716e3bc763889847944efd0c153e876de3ff3cf64fa0,www.huishaanzee.be,true,,24532,34033,38585,34749,38097,32816,38678,34108,37576,34455
6ba724483aad5012ebb3c8364a7dadeaaa541f5e4bd2f4e898c4e689d37baf49,oos.svc-prod.kpmg.de,true,,37239,34994,37162,36191,34678,37240,33833,38037,34047,37822
b6a7939155903d0c616f5d645b7bf544acefeda2ee0a9107505b41194a799c87,very.bet,false,policy_failed,33742,37587,34081,37756,34770,37931,34335,37802,35920,36773
5b86297e01673af6166da1f0204faa17fcfd07898238024998cb5d8684b00dab,www.famd2-1.fna.fbcdn.net,false,policy_failed,34689,34874,37581,48434,28158,35898,32877,37996,34563,37393
d05a35cf78a4e91c0da15eb6d0ab9b57480ffb4bc703c990869c1689e6d61ce6,marketing.insuranceline.com.au,true,,45342,55023,51350,40953,30632,39557,42090,42270,32000,39751
ee7fcd4323acdb12d4934e4634c67c9a4aa32b914c4cfb5e49077c5aea7638fe,www.finsurance.app,true,,39797,39905,39846,41695,42261,31354,55084,38403,31945,41041
1ca50e6b9bed6feeaf50eac14b24daa8160bafd26bf80098a9bc57419d921ad8,www.appnexus.com,true,,41454,36009,37925,33763,37969,34449,38534,34082,37028,50733
dc5c12fd0b179f4a02f7a09e4b403545798aba77d88e733fc8ab6af773c74393,mobileconnect.uwhealth.org,true,,23331,37956,44437,26736,35468,38013,35816,33031,37867,35655
0ea9a248bed3983237becd3474650ce406622f4171db640e9c297027d0f664bb,www.suddenlinkbusiness.com,true,,37499,33240,37920,33227,38252,34547,37946,33926,38655,34121
a709a6e1397aa701f695ddb78d59f2af5384719f30523aba17cd5b6ec12d5e2d,mediasite.phsa.ca,true,,36877,35726,48032,51420,54401,30698,32868,32417,38160,36093
09b35bbeaf7ac8f8f1bc22c45224da95a8976947776ca875667303d4728b3ef7,www.abhyudayabank.biz,true,,36880,32698,38401,35457,37202,33317,38577,33842,37531,34111
805f9c3022db15be0430892e5f1f34dc96e1170e11ef3ac8b012f08bc6d7bc1e,www.clemajob.fr,true,,37538,34960,37678,34245,37193,43639,42019,40939,43688,53041
43a0499c63cfa87b68d4aad1554bcf58987daa5031835e5c3e235ed3a3cbd9f0,xchange.osram.com,true,,39269,27488,38480,36189,35198,36127,36349,35771,35385,50206
5839cad0a62984feb9e7fd0535a96685c78bd19670c599af379892aab9fd40fb,www.ab1e885b340f43be98d4ceacb1daa657.plex.direct,true,,58485,44895,25234,34828,38543,33743,37895,34443,38388,33749
a5fd9978bab7393f24cdaf501198f4919c80ad8566f3d44e737c6884101a8858,www.bellamidas.ch,true,,37934,34928,36772,35811,35248,37468,33571,37848,34623,37499
0abc9b370b781761ce8ff6055b206fd04bc652b7065015219ff8ebb26ede506f,migi-dev.zappos.biz,false,policy_failed,33766,37609,34776,37926,34280,37684,34270,37277,34387,37855
abb97b1ffb7f7a99a4883659a6f9641183b558d8701c0f7766a7d4eb45d4ac5d,www.gizmania.bg,true,,33976,37842,34340,37752,34587,36726,35468,37917,34851,36076
a24cf9a4ea60ae2047d5e7655dc2ada4c64aca4b94fcb580d52d6a84095c6fac,webext1.orange.be,true,,36570,33152,38046,34685,37395,34507,37700,33689,37871,34607
4df8d68d8cfb4cd74d5fea49d720a2b4ea5433cdac590bd14e00a6843f4bed5d,shop.taylorsafety.com.au,true,,37755,33126,38143,34547,38038,34639,36789,34614,37291,36360
7931f9cf8e3f3d3849490cd13b749f45a45eea1e511610d9a831390fe1d6bbcd,alliancecommunity.com.au,true,,33353,37704,37811,35766,33011,38436,34519,37520,33703,38044
6500ab362d678919a06d5494b6a7a2f7b1062d30c08ffa8eb0e5ab8762c82cde,webdata.sportscheck.com,true,,47328,41109,41425,41541,43225,23305,45230,42099,42343,49244
7bbd26c62809c69358c7956d6c4c7587e14067b9a952a6562ca8788a83b8d503,Workshop.CIOStage.accenture.com,true,,53037,53481,51556,46080,25887,41641,26258,46736,42693,55191
709b17365fc2c0679690df49448a029ad391df09437414cd1f2dc0bcb231f207,www.davidsbridal.com,false,policy_failed,42812,27388,35985,38673,34507,36735,36081,33924,37450,37261
9f985ddcb69e12dafc3205a634ee56233bef828e4843df8b342e63ae0bdd5b63,www.institutobanese.org.br,true,,34853,34157,37841,34690,37347,33704,37922,49798,39953,40977
f2bc393f3c2f5f5990d4e2f347ec440b3144b56e6b42256eb4b5dd73b39918e2,websnv.gmbk.de,true,,36110,40607,32374,37009,32259,38833,35654,36652,33213,42013
0fdbe9a1a38ae5b900cfcc6cf44007114d59e5d91e7fc93239aa7fa49daa6a87,www.freequiltingguide.com,true,,36590,33167,38474,34184,49345,43532,41704,53930,33088,30310
ede59cc3c249996a169c4bdd0530b61fe076c5ac424469837ef0023739d5409a,www.e-brief.at,true,,45839,52536,38453,27423,35910,38202,35692,33627,37698,36017
05223c83cb75a06579f0a5c448ef7cb9fb363f1e12a883d00f448334e0cde963,www.idaho.gov,true,,48178,28159,34783,42890,28167,37044,37878,36617,31653,38905
596b8aff74abbc7c622850b567d6602363ceb2c61a481d181614a1a3890db19c,uat-neo.network.ae,false,policy_failed,34589,38983,33941,38632,33712,37572,35095,34260,41737,34970
d21b30dc0cd31094ca9370981cccc1bd7a8f77251704b1f773ce30fa2081b68a,testb9eisap1.nnmc.edu,true,,35842,34146,37520,35304,36431,36873,33725,38219,44656,43812
c901d0de861d182cf3722eb9db0a55ecaf3c941515203446835f9c7355f6466d,dxbdelegateapi.dubai.gov.ae,true,,53861,47000,42499,52725,36262,28252,38434,34506,37506,33610
db29e5229c97cc903c291954609e388a3862934a69bc3827a2d1c5493f7cf589,www.gov.ns.ca,true,,36319,37830,36899,32002,38328,35078,37209,34308,42023,21504
940849cfcd0cef18ce671a54f3481236b901e0e45f21dc919a8097482d4a423a,www.nait.ca,true,,41000,40528,40082,40883,40248,21787,54343,31518,29259,37144
01d19447401938780ab773b02ab1afa28c93c976757fe6e450e8c4fad20aa349,www.ondeck.com.au,true,,37979,35802,32375,38213,36449,36557,33036,38480,34475,38143
22df316946597f06420c7605c72573f92907e6cb4c3f72fbe96c03e09c12daf2,www.gartenhotel.at,true,,33166,37436,34141,37745,35895,37869,35783,32735,55547,30741
e44ddbf14569583039cc62d02ec4d4dd1c3979dccf2d3cc1094f01b6f2e6b9f2,bluefabric.nl,false,policy_failed,32594,47622,42043,41021,54999,42119,24824,38367,37231,32572
65ebc1a27417fcee6994ecde0b27b97976994c332beec7ada08d8332d6e091e6,mobil.gcb.iq,false,policy_failed,37400,36831,36625,33140,38056,34232,38392,33800,37347,34309
fea521ebf1fe08d57c1cf21f484a9ed7d88acd3438f68db6bac2a1255a4ee0b3,mail.rpc-celle.de,true,,36586,35800,37922,34585,36973,36388,34013,37808,34295,37484
55d72b9b3fea6ee7e65e6efcac2850f71603c6a5c49677a833fac1a471dc8360,sis.ndpma.org,true,,32051,38931,37688,35896,33082,38196,33728,38020,34079,37677
6ac292d58b1ca1fb0b738f282bbe84a093fe875bf06ec5d691125834623b4156,www.hpf.com.au,true,,33996,37832,35289,36739,35829,37518,34782,35002,37875,34111
ad3cbe68971e7235673cd74014843c06aee10e3f3871f3fad4cd809ce0eb62cf,multiable.carlingtech.com,true,,39279,39555,36850,39045,28841,37237,47179,42098,22040,21730
669241f5b8f003a759de4fd8010c2a012f611d5f54428b5d2fb45c5da00f44ed,www.banelco.com,true,,42896,41124,21800,21453,21499,41803,21955,24322,23246,47931
517fe2d71aa7f8c8ab836551c68cb8af341b4103247c4eafc58c7d61fc6a3b98,Ethics.etihad.ae,true,,48186,26909,36006,33378,37662,34819,37158,35832,43821,41558
af5fb2bf2f2742cee361d294798c77346dbc5d269a726a4b35dcf2078d4b1611,deviceservices-external-maint.apple.com,false,policy_failed,41263,40344,22012,42695,39324,41174,39932,39415,39484,40168
87b15790bf68976707d49918e5f612598f7a4268773edab1d793263284f0f0d8,helios.glenport.pl,true,,21381,37861,37280,35862,37453,35233,33878,37453,37971,35414
12307e394e8bd4073fea312b089d2460e199bb54260279887b3abb6a5c57a1b5,gpmaz-ext.cslbehring.com.cn,true,,31201,38676,36905,36472,33501,54570,31199,45280,44853,53833
3ef11d0a84124f7bde935da14ff5f12f42ca9414b13539966775043cbdbb7dc0,open.servicodecampanhas.com.br,false,policy_failed,45744,24726,40369,33966,33166,49454,43139,52007,25246,39101
f58afc4451981d8b70ea36f9982b3c2895693dca2a953d6234aee1c6bf9cbcae,serveprint.com.br,false,policy_failed,39336,47972,60480,40327,26926,35919,38099,34829,37634,33922
71eac18225b8046093c35dbec19d0c20c4ad26f1f7361519ba59ad92d83c8729,terapiascampinas.com.br,false,policy_failed,38019,34135,49133,42756,48063,22738,39016,36310,31996,38605
46e38035aead9703c6b24d9abe1cf0e4225260e318f38039ede697b3d5b8892d,www.riobravosaude.com.br,false,policy_failed,35521,39439,22018,39220,36327,36029,34398,37732,34649,36857
ddbd47f1201d2bbf539017b0a1da1e255fa7be1fb644adc7411c36188e400b95,treinamento.seguros360.com.br,false,policy_failed,34896,37897,36081,32579,38546,34794,37371,33380,38995,33411
d223043c62124fe3d3bdf0d3d764cc4527f6a8477f5cc8693fedff7f18000e28,colaboradores.secoviunihab.com.br,false,policy_failed,36420,35516,37197,35621,38064,34823,34512,37775,33893,37728
02b864c915ece948d69d6de559f7b589d5b7e51494acd2ebf3096cd076f4bdf3,oportunidade.sallesmidia.com.br,false,policy_failed,33040,38838,34032,38049,34410,37815,34402,36973,36424,34806
1a3b6252d625ae39289e8f540153f34518ef20d4a5b74982edd3da3fd32f2741,www.sancari.com.br,false,policy_failed,35962,37470,36140,32683,38090,34781,42580,22144,51498,40360
8cb3c0553af224f64780c129c2c84a4594cb8d78730b0fee5322ad97a2bcb629,www.rosafolheados.com.br,false,policy_failed,39505,47091,44024,41174,21657,34952,39263,35542,33919,36119
6e0eb88529a612e418f2773519afcd7f877edd7e9623b9799c6821a380f9b278,roleplayers.com.br,false,policy_failed,35420,34407,37581,35179,37233,33695,37947,34526,37507,33790
4e8f391f9a6b63f5bea3d51b8eb5e1e3b61e578da212a249755880579aa9c217,rdparquiteturaeinteriores.com.br,false,policy_failed,37555,34800,37823,34023,37509,34862,36888,35737,45251,43426
2f2d6642e1053a4d94e98235e8a3877613d7f6cb3d6f059dc1e73dfcf0b128a5,gestao.combustivel.riotracker.com.br,false,policy_failed,21849,21550,24671,44848,47251,35787,40244,51216,41776,48965
633509544ec6e3aaa6d9910138340644f09a8d18575a46dc28ce431f448eadf7,pratsy.com.br,false,policy_failed,41527,40848,48013,42994,21834,23069,44573,43026,22067,46233
1c528b8a0accff4d37d641e1bd049b14d7fade5f3aaac0d723824d7b194d1679,erp.redetjnet.com.br,false,policy_failed,55546,53090,47277,53511,47590,25885,32953,38408,35700,37446
821cc567881fa1103043e33476029785941bb564735cb5042557b989c253dde7,renoveambiente.com.br,false,policy_failed,44771,44925,49816,43158,22953,37814,34296,37745,33341,38652
c17720013502854ace28b0c60f0622cb333cf64b953acc3db3b34bb525a49ccf,rendacomunicacao.iconoblast.nocbrasil.com.br,false,policy_failed,32504,38799,34427,37788,34386,37733,34561,38344,35349,34333
e166098c814b4c0f3bbe9906936560c169d2884227c9f7ffb997efa97fb2009b,sicinfo.net.br,false,policy_failed,36134,36984,49458,43696,21890,51712,37650,36277,44959,41835
9219451b34914a4ad008c3980ccf0e37f060e10a6b19e2c7ae6df6aa569ef0fe,quantrex.com.br,false,policy_failed,42662,24390,37440,34342,37546,33662,37990,33773,37862,34461
761443a6fcac295e19815b0c5ccfe47e872330652b1a8df5fb7d437fb10e4025,raiarnatacao.com.br,false,policy_failed,41398,42244,37498,30864,37914,33758,38854,33493,37738,34409
80de234eb2124f21357a9943474f16bc335373528cd6f0d57a2cb6898535a1c1,randextattoosupply.com.br,false,policy_failed,36324,35228,37282,35529,37529,35485,35730,43463,38804,24052
2cad886164bccec8dc24afc836002c710342ae5c71eff6903c64bd1630e7ae37,espiral.provadeportugues.com.br,false,policy_failed,37751,36417,33706,37538,34033,37666,34233,43767,31482,36126
d829c86f0c22e2f5849190a6941d7e52df3f20abb478326c5b489c5276d38519,racsolucaoweb.com.br,false,policy_failed,33555,36995,34345,38044,35162,37465,36118,32304,38031,36120
40510652c4c0cbb2426987049d9e40f02e3d7876fe77392a1d08756a9a9ed73a,www.primaveras.com.br,false,policy_failed,36441,33376,37937,34922,37988,33987,37197,35284,37422,49248
f82ad178c114125eb0230f54a07d23a5f9596d977f8f5b2b5405b3d63bbbba09,qualityarcondicionado.com.br,false,policy_failed,44246,26540,25760,40794,22011,38104,49541,33723,53837,29077
5d4ed5ce16a746796ec2438e7048baa50873ddfeba6ca8b84811c14864710f1f,qualipaperpapeis.com.br,false,policy_failed,36171,33119,48261,43693,42518,40943,24084,52809,42862,30656
4af0960124ac02ef90640603dcb721c5ae803014e16ffb90c89f9e22aea9c2fb,procaed.com.br,false,policy_failed,43140,39542,42541,31083,37511,31904,37569,33538,38136,34410
aeff19366fa282a2db40b2c5775e02f72160592111cca8981fbb72e9e5391736,cliente.prsonline.com.br,false,policy_failed,37079,36257,34803,37176,34353,37612,35140,37017,33490,37769
008bfc6e2a3b94e74a378c96b0f0e86c554c14fbd045d4507039b72748e00396,portaldagoss.com.br,false,policy_failed,34621,37820,33407,37851,34613,37654,34287,37575,35941,37369
23c9b2016b5552442c7fbc00cd8c2a4a63117d4ea9066f5a5218b306a5105e33,portariasemfio.com.br,false,policy_failed,36085,33785,36962,36689,36579,32578,38104,39445,49845,23802
17b8324a605472287429832030f251860a6cedab89d5e73b270d1bf723d1bded,pousada3reis.com.br,false,policy_failed,44628,53291,26405,51012,53601,51978,29808,32552,34835,36153
f55c292fc6b203f811cf01581fa3d5ee56ee711034d288a054bce4bd5410408c,pradorodas.com.br,false,policy_failed,39991,40992,21571,40244,21343,41358,38993,40372,52821,37594
5d3a4b700cecf3e5fa02fcd6b6eb9c3edb4458e5a85fea3baab42b6c6b1f2213,parceirosclean.com.br,false,policy_failed,27503,37877,35926,36463,33213,38175,35685,41676,54246,48078
4aaaab9c543eb5b4359bb10d6160a06230628a6a827984e2a0843cab1d265e79,www.petamour.com.br,false,policy_failed,41799,21806,21207,41890,24522,48049,34133,34803,33952,37279
c07e3540766e8829d542621d53a8251a2cf6a2bab7c1b70b16415e8dd99d0049,pizzasgiga.com.br,false,policy_failed,38909,21295,46425,48611,24031,37166,33725,38320,33782,37402
9e17d7a4da74061ebf734a9e32ca13a3017bcb04500a511f29a7ae872bf0fe9c,www.orbo.com.br,false,policy_failed,33907,37748,38504,43777,39747,36916,43299,29981,53445,35902
05067d392a6a45274f30620a8b336ff9378be0db929e7801373b046c41c09df8,pipocagourmet.com.br,false,policy_failed,31202,37019,33507,36758,35417,38232,34271,36163,37078,33676
af23f6e1ac0640d94f5ccfde84df29f835a75b7521160f74e49fc475859b1325,sni.cloudflaressl.com,true,,37901,34764,36921,34135,49263,48239,45706,46237,39667,57814
9504697ce40743d347c600dca009580cc14eb30b494c64dab606fc4e3e5fd9f0,phbdelima.com.br,false,policy_failed,54861,31060,31047,35692,37747,33962,37890,33929,37758,35134
ffdecca538b4b5b6a15f55deb61e0875a0ff44efdd09d1169014edee680a7207,www.oresumodamoda.com.br,false,policy_failed,37093,35137,41623,48762,45862,27862,50373,29683,33189,34138
5ae4ebb51c95ffccf22741a8587593f83b9bd80181af094d27b640a0c802dc47,personalstore.com.br,false,policy_failed,36005,38215,35645,33060,40891,33327,36780,33209,37978,41392
b5456a4173ab09607e5462927859047f384296ed7b54c489e9cc8a5cf296f5ea,materiais.ocl.com.br,false,policy_failed,38803,39485,21295,21191,39203,30892,39755,21233,36442,37140
2d91fec03dca5dc93aa5d7036853cecdfc0e4e304b6a4e122ce77f7b15b9ec2f,palhavitoria.com.br,false,policy_failed,51773,35103,33767,35146,37328,44776,49192,55296,33348,33854
4297a61aa3db08f9a25ed1091517b3fba3bfe716163af73d3876e89dbc58d56c,sni.cloudflaressl.com,true,,37442,38985,35739,31575,38215,35861,37076,33746,42156,40556
629ebba70a9dc44f0fd2b8f73b25e11d02dca9ebf6f8a7c5157fc724107c90aa,olhaidigital.com.br,false,policy_failed,32005,52097,36384,29066,40372,22218,39184,35300,40676,40006
4f26ff35c5a6f021b252551be13537faec6e377cf4dda7f8d709c2e3420ab3a0,www.oticaorion.com.br,false,policy_failed,30005,35331,32116,38027,36279,36169,32687,38271,35036,37322
bb0f8ab54103d6c369d340ba669a596ca198255b0eb7f1fde0683365aebde8c7,oldschoolmotors.com.br,false,policy_failed,33037,38580,34794,49881,44659,42080,25961,33889,41895,40897
4b6a000f0327b104550e71f0134d1fa16329b8993482864a40d6de0e56aafa2f,nandolopes.com.br,false,policy_failed,22773,22604,45454,47990,54886,48222,55839,53238,40438,22460
7fb05d13e034d435195f2f992221bd044747ca936d50ce46f7e0d0fd981808ce,ortojalh.com.br,false,policy_failed,21728,38061,31536,36066,37207,35546,43745,41264,49666,46169
6abd4b8569e60948100edaabdc0af92fdb843a559bbfb156bac6c3c803bcd438,nutribrokers.com.br,false,policy_failed,55541,39757,22215,52155,50656,25512,40801,43945,39117,48541
2a2795dbd944eab79d9c3e8b1385b38e2ee9d053f22c9843efb886865fcc2e21,nutryvita.com.br,false,policy_failed,29394,55287,42448,23975,35357,40333,37181,30523,37602,34720
5884e59be136354f9c98c8d2183f48fe3d3e20f012e42f6a6df7f23d2726be01,niveladordepiso.com.br,false,policy_failed,37437,34700,37136,38565,40657,40530,21514,21339,21211,20741
936b9ef67590e594a1fb82fc36997d1bb99a7fccb9d58bba766150b987ad36f8,natanabreu.com.br,false,policy_failed,21309,41628,28155,24213,21141,37557,39536,28582,53629,38449
502e5def6c7657e5749af3dc21b7848af45c105214990f128e75486beb65f468,officemobileconsultoria.com.br,false,policy_failed,28229,37473,44411,41663,50233,37859,55631,45969,54334,42083
e23c01be6f681976a3acf79e7715b6833b5036163c42b684952b598b39e072c1,naocomprealugue.com.br,false,policy_failed,24862,38199,34617,37203,39501,39164,45352,41616,21742,46041
e59f0a2dd51ee10f3f8bd83610658c0ab5f134d0603a9dbf6f6cb61cac62344f,noxbitcoin.com.br,false,policy_failed,23993,40093,39917,36607,37108,36041,35655,37148,41015,40026
b1c0e255f2e7c693716e0867855245db14764e8fa43b8dba5944b0a4c567d91d,nsbijuterias.com.br,false,policy_failed,31063,38810,35981,37058,32719,42997,21360,41573,22403,46615
4663e2a0a960d1aa5d2d0ad9ea95a4b9b9475c87b79e03915185f02f3bc322a1,sni.cloudflaressl.com,true,,42129,22836,36351,38452,35774,37082,34868,36466,36268,33307
1d9cd1e8d60465e3dd2cbac2c96ad74d7846160eb636598613ac1772a49d7518,meteora.com.br,false,policy_failed,36882,36882,36954,33208,37911,34171,37850,33973,37869,33871
813e43c4a686fd03bc7a95a10397cf35b7f272ac351e80f9b3eeacd64e7d578d,mltools.com.br,false,policy_failed,36725,35196,37433,35069,36931,36974,34039,37545,34720,37306
7b412aa6878c03c1da00568f19c98caed279997125dfc8b96626058e3647ec50,muzenzaceara.com.br,false,policy_failed,32660,38502,34206,38500,34316,37217,35100,40945,21514,21231
9f9b7eecbbc7fda4b7394d856d9d5dbdb95c84505700b2d3cddc3e41d0e316d6,mycbd.com.br,false,policy_failed,39085,21257,48668,62135,49242,22938,41736,40006,40118,49394
3f5bc99173e53c294fae8221d2c83de29fff6f1d43772af299a038d6b6b25def,nadiacamargo.com.br,false,policy_failed,41801,21825,47334,42583,42439,47450,42911,42746,43852,51270
0554f48434d5c02abe4e7ea38f1f14e0b20a59dc5d5f4807f12673c3b89c24fc,meunegocioaloha.com.br,false,policy_failed,23054,39343,45397,60369,50105,48633,42988,45025,59382,35438
34897bb41347c77e28612f61dac7df0a5d4b9f95755642038080e55494f9c69b,meuimage.meucurso.com.br,false,policy_failed,32262,40696,38226,43467,32866,43181,22255,44856,46960,41102
971b51f1883b0b9ba6f9541cf5d09a0e99be0cb8324451027b377acd3d7591f3,www.zabbix.moneyman.com.br,false,policy_failed,22158,38055,44626,23493,37628,33728,38048,35241,37198,33286
16d9ba487b02189cceaa4b3d5398eb7f3da65dcbb25fbe3d14050ec17c6a0ad3,mracursos.com.br,false,policy_failed,37480,34443,37747,34256,37675,34512,37776,33503,38054,34187
1e89ae9aa990b4f06e12b19d7a643039458d4261a18765d08d60114049505ec6,menalopezconstrutora.com.br,false,policy_failed,37795,33777,38136,35193,37105,35019,37556,35408,37462,34491
861442d88f37a82bb9cc1874a4905d6accc987db128a6dc08187bf793a6ae64e,miv.com.br,false,policy_failed,34106,37940,36244,36049,32577,38295,34497,37665,34449,37721
47c10cb73544287478c217bdfe8ae751a68bc9de22ccd55fca9d655ddc36af54,meninodomarketing.com.br,false,policy_failed,34898,36752,36055,40114,39777,31884,33755,32243,37929,35637
c617a6972b7ce0267e480552bd9d3221695e1e45a7f08d816b8259eb328faff3,minha-luizinhas.com.br,false,policy_failed,36763,32959,38620,35189,48750,43216,41072,52246,30060,45916
75cb067ebee6ba50bfa99e87a54ea6205b5f468b4926d65c0b6e86ee987bae35,mmvestudio.com.br,false,policy_failed,42410,58039,49030,47643,42097,42487,55385,40810,28121,35514
9dabfe2cdceba555f0373e33abf1fa34cd28039d4c25c06c34fea2500f47847b,marceloprates.com.br,false,policy_failed,36127,36545,37317,35049,37045,36513,34179,38139,32870,38470
f8791d79b620beda5068299b54b5177ffb12596469f9aa32baff193f28758900,metalrustico.com.br,false,policy_failed,32384,53102,30044,42346,41886,41315,25175,37181,37494,35473
f2e428340e5544de02b08da8787ae4b6b1ef62dfc3f5cb026651b3982c6a7a6b,masterembalagensmga.com.br,false,policy_failed,32172,38538,34732,40847,36674,33830,37684,34939,39698,37550
e31beb8dcd1a012540c34e58751b6bd4c89e74192a4af89b82f08c0a9c68d88e,margarethwallace.com.br,false,policy_failed,34058,37336,46136,44394,40654,22976,36492,38357,34678,37460
cd8cfc4f87f607e6a21a3e3e7372aae66515bdb3de03ca5cbebc522dda3e6d73,bunypets.com.br.bunypets.com,false,policy_failed,35566,34114,37644,34576,37554,33786,38277,34498,37332,33751
fdbbf109aa6a0784476f77ed5d1a34fd512060f7f9886bec18c42f1631adf105,meninodaporteiraimoveis.com.br,false,policy_failed,37704,33734,38579,34152,44218,30027,34618,35715,38905,34704
07176c0f9fbac8a8f0c530ae268674c6b5480608dd660c1d6e326f4592a02f61,megaisencoes.com.br,false,policy_failed,32277,41588,43266,42619,41131,28743,32160,37665,33827,37602
5868442fc2eebb8804ffd583381edeafd2591d4b3250005b9137ce78dabc6f24,marlitakeda.com.br,false,policy_failed,34619,37447,35718,36552,36296,34651,35860,38243,34083,36541
c1ed7fc1f00e3b82deb67c9a36ad913800fdc362b444c7e1b9cbe8e68b44fc4f,manutencaoforte.com.br,false,policy_failed,47772,39569,21613,21130,20853,44302,41542,25735,44298,22285
d9e21fdc319aeb7da2823e93ed2d0975c7fa2f5da681dbd1ca2b75d21c1c6010,matriculei.com.br,false,policy_failed,38959,36386,33381,37381,34882,37131,36219,35168,37133,35131
828a1164791dcdccd63ce918c4dc66c468f84db996c3f61e667cf511bb639882,matheusleal.com.br,false,policy_failed,35909,45783,59697,50870,54035,53829,39860,22249,34621,50415
a1e410e0133d51fd0feb613395ac5a268836ae025685f20504784ee195b7e58c,lojadiversidades.com.br,false,policy_failed,22353,38373,34764,37747,34408,37818,35067,36134,36911,33970
88d04139a71ce0fccb4805fb09a321b0426fc79d13b0e2adfdc2271fd14bbc26,marcosoteroimoveis.com.br,false,policy_failed,37810,34161,37594,33769,37847,34716,37610,45543,42021,41173
255879107ba52522477335370a39960ccdf17e166f763881c62b1f8200ba69ec,upfront.com.br,false,policy_failed,46907,43082,44303,40557,30891,51700,24678,42719,41818,39353
81962ef24ab6e7846ff4702cccbe25e783fdcf739e0fc31df2c0e97826a3155a,lojastropicalonline.com.br,false,policy_failed,21046,46202,38909,47173,42338,48907,43108,40855,21946,39965
ae4da54c8242514e573d40c4e1c09162ba909ede6fac53ad279d3803536e5f29,lucianadiogo.com.br,false,policy_failed,37787,49337,25683,50757,28096,35564,31879,38509,35679,36798
c9a7a0143bd69478eebb4d90d8c9ff82ed35929d6fb4dfa64443015d10ada5a6,lps-assessoria.com.br,false,policy_failed,32202,38622,34827,37415,33714,38008,34606,38069,49844,53665
e787e5a92f6353ef02a88aec97a418b74fb4f208051059f753c4c1ded1af5c45,lyraassessoria.com.br,false,policy_failed,50397,24501,35896,38390,33616,37852,33199,38555,34127,37711
700fd56e1e0bee32ef8458597fe51c5a6e9b23746bf7637d33a5fefa42cf9c42,lojaluxcenter.com.br,false,policy_failed,33166,38505,34416,37179,34871,37095,35374,36823,34779,36713
b7509f84086e4100be3dd47e62bdfa030f8cac86f204c717ac67dbf8fdd14ec9,lodontologie.com.br,false,policy_failed,35850,37066,36406,32484,37928,35047,37134,33748,38775,34535
d265ee9111b38bcc6e3458a15cecf5385d4bf88e73bfa93d3eeded43dcb50328,liaecia.com.br,false,policy_failed,37248,34801,38051,34737,36765,42585,27947,58946,58598,49157
3b3f555c497f06b025dfd6019b066eacce633ff791585696e94d221010168e49,korinconfeccao.com.br,false,policy_failed,42388,22592,46674,32419,44410,35035,34739,33887,38404,35053
3fd3338bd8fa1ee10b59fbb665a87de01ad357fd3388fdb7fe0ce9053abd3186,laeletronica.com.br,false,policy_failed,36753,33181,38356,34462,40792,21690,48186,43118,39232,41666
f1c2d4e79c176ee6b376a0992ba0d0f2b24e8d66d2cae7a606849978ce7388ec,landersongomes.com.br,false,policy_failed,21748,40440,48120,43144,41254,52649,37333,33959,58201,42301
b5dbcd83efb4489a68af6c4bc32d5bac6b4f28e82a2eeef6653ecc4af3e755df,www.lasled.com.br,false,policy_failed,48060,54654,33303,28767,38152,37093,33301,38207,33956,36807
43bb739ae3b15f1abe68107c8c6bc916ba81bef481d8a04bb56a3a832c1c50fd,ladigitalproducoes.com.br,false,policy_failed,35587,38548,34070,35673,36377,36375,36800,39020,40300,39883
6f47b519296b38a84d7c3160d3eadb40e8d41d6eaf7df147161b750b5409b880,comerciopetstop.com.br,false,policy_failed,21894,53385,45611,55229,39759,26761,38419,33390,38265,33666
0554de86983904808723c3b0789a7dc6db861e1950e32e3c0b20bb559fa2198a,kollsoft.com.br,false,policy_failed,36381,34600,37648,34675,37294,36548,36293,36521,32968,37873
636003a483612059fb05bfe7d65e52e6c84516ee00587ce020603ab6d9ca8eb8,intranet-sunglasshut.com.br,false,policy_failed,32850,38187,37013,37052,32880,37659,34107,38111,34338,37957
6419ff10c36024ed7622f6c3fb2304206eb9df9178ce9f6f161c76f5f713704d,iptvcontrol.com.br,false,policy_failed,33735,37283,34704,37987,35514,37186,35972,34475,37190,33857
257d8c48984be13573dcd0265d3b6ee9cd8a80e6e896622a4022b2fad5a2f904,itours.com.br,false,policy_failed,42666,42235,42443,42354,39567,42241,25596,37231,40883,33298
41667217db91eec056a2db75ed1a3e0a10238c65757451fa6568e340d9ad0292,juniorbelchior.com.br,false,policy_failed,49241,41426,40361,43594,55044,30139,33067,33331,38521,34401
7a4ad737640e570f7ebe2c975de17b5f41ced2611a1c9ff3edfbe46dcdcbb88d,imparseg.com.br,false,policy_failed,37776,32968,38115,35080,37360,34061,54026,40164,33040,32584
60a55b087e0b91c03f32f4253eb703182cb3535b1b1c3db27231a89f21d4ef71,innovatiosuporte.com.br,false,policy_failed,35424,42302,42061,58423,55262,44847,27399,28444,41052,40178
89fd3af4ad7f72d4326e5f163c4ae34e85c8eb0bfad6900faf209c56dd1e1f4f,jovemaprendizamericana.com.br,false,policy_failed,23332,37551,41375,48423,43045,22464,37310,42755,41244,22572
ec98dfbbabbfd56e9604bd2708336e5f93244e2e0c39904a94c4e2dc15804b72,impermavi.com.br,false,policy_failed,36320,37550,34168,37838,34497,37315,34850,37303,41309,24308
6f7d64c9f0906b2444c2273ae7d8bc7ce7a3e5ef077ba42fa9f344ae119f9922,irmaosfeitosaveiculos.com.br,false,policy_failed,41661,39927,32268,36133,34972,37839,34787,36407,36863,34072
ffce8733a0be8e255b6cab9f070c959d44672d73ce77fbdc5af775558b91d6de,hudsonerthalcorretor.com.br,false,policy_failed,37972,46547,22142,40583,52788,29241,32886,46345,39896,22030
4cbd56b4cddb0fbf7dc0dc6126427c6e4aff83169261bfa8575e1554d6d4e678,innova.com.br,true,,45285,23183,38560,34261,37849,33282,38537,34132,37946,34035
efbcbd0239f4ebd55e21a7775c8ac55092670b49d96549a17a03b629e0bb3053,inovatisconsultoria.com.br,false,policy_failed,37943,34439,48910,49599,41527,21795,38173,37424,39573,37611
38999bfc7661a4959ef42fb6b2de685c0857bedfe3ff94ab97fecc4b169b1ef4,ibistro.com.br,false,policy_failed,34358,34058,37800,43098,42774,50110,55646,32868,30111,35030
6a9e2b5c50601ebf27e1eabb9fbec685f7154b9c94e29b03ba0ee439e19fb716,icpdc.com.br,false,policy_failed,36742,38097,35757,32576,37939,35184,37921,33504,37562,34613
10d38fffae1018359d597bc8f460482c8a1834d4e28018faa52da16793bda3cf,www.hotelamantykir.com.br,false,policy_failed,37083,35105,37831,34279,37265,34434,37040,36269,37071,36275
0d08dd9221a4f0a80798bebdac7a8a5b860b77fa0c6def3ccb196fc5a192dde8,grupoencontre.com.br,false,policy_failed,31730,38760,35862,36976,33530,37975,33471,38393,34148,37655
717b442638d46d3a2f2dd6ae9f2760fdf085c299b328ab294563c5c3f7a366e9,grveiculoscuritiba.com.br,false,policy_failed,33574,37753,35024,36987,35887,36529,36641,33084,38161,35921
c4be7e58c87294d9896359eab43daf898d734912a81a39e064122a0de87eab43,happycards.com.br,false,policy_failed,35697,34657,38233,34271,36887,34807,36837,35309,41001,41585
b41574b271bb20482116d92b108d9a952fe880111787f58954270e9ca7684517,www.forcegen.com.br,false,policy_failed,40007,24971,37726,36131,49647,44076,41548,39694,41424,47196
3e8ecd984dc4089340bd11a986543f90ba5621e0d8e2046088952d5be18c5f29,gruponovus.com.br,false,policy_failed,30931,27653,51687,24855,37139,33859,37083,35095,37439,34595
